{
  "00": {
    "dem_spend": 364.02,
    "rep_spend": 0.0,
    "total_spend": 364.02,
    "vendor_count": 1
  },
  "11": {
    "dem_spend": 434.1,
    "rep_spend": 0.0,
    "total_spend": 434.1,
    "vendor_count": 1
  },
  "62": {
    "dem_spend": 600.0,
    "rep_spend": 0.0,
    "total_spend": 600.0,
    "vendor_count": 1
  },
  "78": {
    "dem_spend": 0.0,
    "rep_spend": 173.2,
    "total_spend": 173.2,
    "vendor_count": 1
  },
  "80": {
    "dem_spend": 247.82,
    "rep_spend": 0.0,
    "total_spend": 247.82,
    "vendor_count": 1
  },
  "?L": {
    "dem_spend": 318.93,
    "rep_spend": 0.0,
    "total_spend": 318.93,
    "vendor_count": 1
  },
  "AA": {
    "dem_spend": 3901.99,
    "rep_spend": 746326.36,
    "total_spend": 750228.35,
    "vendor_count": 24
  },
  "AB": {
    "dem_spend": 14985.900000000001,
    "rep_spend": 5372.09,
    "total_spend": 20357.99,
    "vendor_count": 7
  },
  "AE": {
    "dem_spend": 4235.68,
    "rep_spend": 2845.89,
    "total_spend": 7081.57,
    "vendor_count": 4
  },
  "AK": {
    "dem_spend": 2459246.56,
    "rep_spend": 11695515.25,
    "total_spend": 14154761.81,
    "vendor_count": 1387
  },
  "AL": {
    "dem_spend": 38218834.56,
    "rep_spend": 33678498.55,
    "total_spend": 71897333.11,
    "vendor_count": 3645
  },
  "AM": {
    "dem_spend": 447.51,
    "rep_spend": 0.0,
    "total_spend": 447.51,
    "vendor_count": 1
  },
  "AP": {
    "dem_spend": 0.0,
    "rep_spend": 206.29999999999998,
    "total_spend": 206.29999999999998,
    "vendor_count": 2
  },
  "AR": {
    "dem_spend": 22275631.87,
    "rep_spend": 15747120.97,
    "total_spend": 38022752.84,
    "vendor_count": 1524
  },
  "AS": {
    "dem_spend": 168314.93,
    "rep_spend": 173468.8,
    "total_spend": 341783.73,
    "vendor_count": 112
  },
  "AT": {
    "dem_spend": 2073.9900000000002,
    "rep_spend": 0.0,
    "total_spend": 2073.9900000000002,
    "vendor_count": 3
  },
  "AU": {
    "dem_spend": 5538.44,
    "rep_spend": 7826.09,
    "total_spend": 13364.529999999999,
    "vendor_count": 8
  },
  "AV": {
    "dem_spend": 3600.0,
    "rep_spend": 0.0,
    "total_spend": 3600.0,
    "vendor_count": 1
  },
  "AZ": {
    "dem_spend": 114920178.84,
    "rep_spend": 80257358.34,
    "total_spend": 195177537.18,
    "vendor_count": 5767
  },
  "BC": {
    "dem_spend": 13673.73,
    "rep_spend": 125042.7,
    "total_spend": 138716.43,
    "vendor_count": 21
  },
  "BE": {
    "dem_spend": 862.87,
    "rep_spend": 0.0,
    "total_spend": 862.87,
    "vendor_count": 2
  },
  "BI": {
    "dem_spend": 458.82,
    "rep_spend": 0.0,
    "total_spend": 458.82,
    "vendor_count": 1
  },
  "BR": {
    "dem_spend": 7096.91,
    "rep_spend": 0.0,
    "total_spend": 7096.91,
    "vendor_count": 5
  },
  "BW": {
    "dem_spend": 1549.66,
    "rep_spend": 0.0,
    "total_spend": 1549.66,
    "vendor_count": 1
  },
  "CA": {
    "dem_spend": 1397372826.88,
    "rep_spend": 356402049.09,
    "total_spend": 1753774875.97,
    "vendor_count": 27263
  },
  "CE": {
    "dem_spend": 1398.62,
    "rep_spend": 0.0,
    "total_spend": 1398.62,
    "vendor_count": 2
  },
  "CH": {
    "dem_spend": 10456.52,
    "rep_spend": 0.0,
    "total_spend": 10456.52,
    "vendor_count": 13
  },
  "CO": {
    "dem_spend": 163379841.68,
    "rep_spend": 59723952.41,
    "total_spend": 223103794.09,
    "vendor_count": 5592
  },
  "CP": {
    "dem_spend": 0.0,
    "rep_spend": 477.21000000000004,
    "total_spend": 477.21000000000004,
    "vendor_count": 2
  },
  "CR": {
    "dem_spend": 4022.0,
    "rep_spend": 0.0,
    "total_spend": 4022.0,
    "vendor_count": 2
  },
  "CT": {
    "dem_spend": 76339286.76,
    "rep_spend": 20907650.93,
    "total_spend": 97246937.69,
    "vendor_count": 2514
  },
  "CY": {
    "dem_spend": 15.0,
    "rep_spend": 77.94,
    "total_spend": 92.94,
    "vendor_count": 2
  },
  "CZ": {
    "dem_spend": 204.6,
    "rep_spend": 0.0,
    "total_spend": 204.6,
    "vendor_count": 1
  },
  "D.": {
    "dem_spend": 0.0,
    "rep_spend": 117826.75,
    "total_spend": 117826.75,
    "vendor_count": 2
  },
  "DC": {
    "dem_spend": 3837340832.51,
    "rep_spend": 650610674.66,
    "total_spend": 4487951507.17,
    "vendor_count": 17441
  },
  "DE": {
    "dem_spend": 56023030.75,
    "rep_spend": 107787434.77,
    "total_spend": 163810465.51999998,
    "vendor_count": 1447
  },
  "EA": {
    "dem_spend": 495.0,
    "rep_spend": 0.0,
    "total_spend": 495.0,
    "vendor_count": 1
  },
  "EN": {
    "dem_spend": 186.0,
    "rep_spend": 63.92,
    "total_spend": 249.92000000000002,
    "vendor_count": 2
  },
  "ES": {
    "dem_spend": 12195.85,
    "rep_spend": 118.0,
    "total_spend": 12313.85,
    "vendor_count": 4
  },
  "EU": {
    "dem_spend": 0.0,
    "rep_spend": 474.57,
    "total_spend": 474.57,
    "vendor_count": 1
  },
  "FF": {
    "dem_spend": 0.0,
    "rep_spend": 585324.36,
    "total_spend": 585324.36,
    "vendor_count": 24
  },
  "FL": {
    "dem_spend": 295678590.74,
    "rep_spend": 335025914.43,
    "total_spend": 630704505.1700001,
    "vendor_count": 14708
  },
  "FM": {
    "dem_spend": 15323.09,
    "rep_spend": 111345.2,
    "total_spend": 126668.29,
    "vendor_count": 14
  },
  "FR": {
    "dem_spend": 15773.59,
    "rep_spend": 0.0,
    "total_spend": 15773.59,
    "vendor_count": 24
  },
  "GA": {
    "dem_spend": 1020929111.18,
    "rep_spend": 111738274.87,
    "total_spend": 1132667386.05,
    "vendor_count": 12519
  },
  "GB": {
    "dem_spend": 24425.34,
    "rep_spend": 97.65,
    "total_spend": 24522.99,
    "vendor_count": 16
  },
  "GE": {
    "dem_spend": 212.3,
    "rep_spend": 0.0,
    "total_spend": 212.3,
    "vendor_count": 1
  },
  "GR": {
    "dem_spend": 12817.46,
    "rep_spend": 0.0,
    "total_spend": 12817.46,
    "vendor_count": 2
  },
  "GU": {
    "dem_spend": 1255989.89,
    "rep_spend": 440917.97,
    "total_spend": 1696907.8599999999,
    "vendor_count": 311
  },
  "HA": {
    "dem_spend": 165.71,
    "rep_spend": 0.0,
    "total_spend": 165.71,
    "vendor_count": 1
  },
  "HI": {
    "dem_spend": 5924917.7700000005,
    "rep_spend": 494250.51,
    "total_spend": 6419168.28,
    "vendor_count": 748
  },
  "HK": {
    "dem_spend": 190.18,
    "rep_spend": 212.79,
    "total_spend": 402.97,
    "vendor_count": 2
  },
  "IA": {
    "dem_spend": 144525713.99,
    "rep_spend": 73943534.07,
    "total_spend": 218469248.06,
    "vendor_count": 5025
  },
  "ID": {
    "dem_spend": 2771519.59,
    "rep_spend": 9816269.42,
    "total_spend": 12587789.01,
    "vendor_count": 1230
  },
  "IE": {
    "dem_spend": 102.19,
    "rep_spend": 0.0,
    "total_spend": 102.19,
    "vendor_count": 1
  },
  "IL": {
    "dem_spend": 665815734.0,
    "rep_spend": 95029184.82,
    "total_spend": 760844918.8199999,
    "vendor_count": 9741
  },
  "IN": {
    "dem_spend": 31618393.44,
    "rep_spend": 58234522.1,
    "total_spend": 89852915.54,
    "vendor_count": 4484
  },
  "IR": {
    "dem_spend": 326.58,
    "rep_spend": 0.0,
    "total_spend": 326.58,
    "vendor_count": 2
  },
  "IS": {
    "dem_spend": 640.5,
    "rep_spend": 0.0,
    "total_spend": 640.5,
    "vendor_count": 1
  },
  "IT": {
    "dem_spend": 3323.5099999999998,
    "rep_spend": 0.0,
    "total_spend": 3323.5099999999998,
    "vendor_count": 6
  },
  "JP": {
    "dem_spend": 688.9,
    "rep_spend": 0.0,
    "total_spend": 688.9,
    "vendor_count": 2
  },
  "KS": {
    "dem_spend": 6171930.01,
    "rep_spend": 121067915.01,
    "total_spend": 127239845.02000001,
    "vendor_count": 1825
  },
  "KY": {
    "dem_spend": 24177424.44,
    "rep_spend": 41677644.67,
    "total_spend": 65855069.11,
    "vendor_count": 2718
  },
  "LA": {
    "dem_spend": 15545242.9,
    "rep_spend": 66896704.63,
    "total_spend": 82441947.53,
    "vendor_count": 3124
  },
  "LO": {
    "dem_spend": 7226.41,
    "rep_spend": 0.0,
    "total_spend": 7226.41,
    "vendor_count": 5
  },
  "MA": {
    "dem_spend": 476839206.61,
    "rep_spend": 68021607.32,